{
    "software": 47831,
    "document": 0,
    "software_perf": {
        "records": 45500,
        "time_rest": 626.5267510000003,
        "time_oai": 116.78700248885434
    }
}