{
    "software": 0,
    "document": 0,
    "software_perf": {
        "records": 47000,
        "time_rest": 661.9107540000002,
        "time_oai": 248.8304477389911
    }
}
