{
    "software": 48848,
    "document": 0,
    "software_perf": {
        "records": 46500,
        "time_rest": 655.4564720000002,
        "time_oai": 247.276840334991
    }
}